# tool|version|selected owner|qualification state|parent tool
#
# This is the declared desktop and server baseline. It records the exact versions consumed
# by `bin/dotfiles/toolchain`; it is not an installer lockfile or an apply plan.
# Mise owns the selected Node, Bun, Python, Beads, and npm defaults. npm is
# explicitly subordinate to Node. The existing fnm, pyenv, and Homebrew
# runtimes remain live fallbacks until a separately authorized migration.
# `source_declared` means configuration exists but clean-machine qualification
# has not happened. It never proves exact reconstruction.
node|24.20.0|mise|source_declared|-
bun|1.4.0|mise|source_declared|-
python|3.11.9|mise|source_declared|-
bd|1.3.0|mise|source_declared|-
git|2.50.1|system|unqualified|-
npm|11.19.0|mise|source_declared|node
